client,corr
cpd,0.03558913915024496
elgin,0.05855755362387475
farmersbranch,0.0847815292286118
haverhill,0.02437681884521911
jacksonvilletx,0.024409895719724704
nilespolice,0.06242502443650498
ocfl,0.03926308043110337
plainfieldpdnj,0.05275401055490444
portagemipd,0.05716043061115737
salisbury,-0.014777379866224067
